[{"title":"The Last of Us","releaseDate":2013,"genre":"accion","platform":["playstation"],"type":"modern","cost":3000,"coverLink":"https://pbs.twimg.com/media/ED3Th3RXkAIBPSN.jpg"},{"title":"Tomb Raider","releaseDate":2013,"genre":"accion","platform":["playstation","pc"],"type":"modern","cost":800,"coverLink":"https://uvejuegos.com/img/caratulas/43134/Capturaii.JPG"},{"title":"Resident Evil 4","releaseDate":2005,"genre":"accion","platform":["playstation","pc","switch"],"type":"classic","cost":800,"coverLink":"https://static.wikia.nocookie.net/doblaje-fanon/images/3/3c/Resident_Evil_4_Cover_PC_de_2007.jpg/revision/latest?cb=20190301154419&path-prefix=es"},{"title":"Ori and the Blind Forest","releaseDate":2015,"genre":"platformer","platform":["pc","switch"],"type":"modern","cost":600,"coverLink":"https://cdn.akamai.steamstatic.com/steam/apps/465980/ss_2a1a736425dec7db59c6061f7b8d42ae5ebac4be.1920x1080.jpg?t=1590717998"},{"title":"Hollow Knight","releaseDate":2017,"genre":"platformer","platform":["pc","switch","playstation"],"type":"modern","cost":700,"coverLink":"https://uvejuegos.com/img/caratulas/57216/hollow-knight-cover.jpg"},{"title":"Shovel Knight: Treasure Trove","releaseDate":2014,"genre":"platformer","platform":["pc","switch","playstation"],"type":"classic","cost":500,"coverLink":"https://uvejuegos.com/img/caratulas/51735/Captura.JPG"},{"title":"Starcraft 2","releaseDate":2010,"genre":"strategy","platform":["pc"],"type":"modern","cost":2000,"coverLink":"https://uvejuegos.com/img/caratulas/25820/porteuscii.jpg"},{"title":"Civilization VI","releaseDate":2016,"genre":"strategy","platform":["pc"],"type":"modern","cost":500,"coverLink":"https://images-na.ssl-images-amazon.com/images/I/51P8dInCuhL.jpg"},{"title":"Age of Empire 2: Definite Edition","releaseDate":2019,"genre":"strategy","platform":["pc"],"type":"classic","cost":400,"coverLink":"https://www.curiosogame.com/wp-content/uploads/2019/12/Age-of-Empires-II-Definitive-Edition.jpg"},{"title":"Dragon Ball FighterZ","releaseDate":2018,"genre":"fight","platform":["pc","playstation","switch"],"type":"classic","cost":1000,"coverLink":"https://images-na.ssl-images-amazon.com/images/I/61MNDOc5P7L._AC_.jpg"},{"title":"Mortal Kombat 11","releaseDate":2019,"genre":"fight","platform":["pc","playstation"],"type":"classic","cost":1500,"coverLink":"https://uvejuegos.com/img/caratulas/62008/Mortal-Kombat-11-Switch-EU.jpg"},{"title":"Trails if Cold Steel","releaseDate":2015,"genre":"rpg","platform":["pc","playstation","switch"],"type":"modern","cost":500,"coverLink":"https://uvejuegos.com/img/caratulas/62526/The-Legend-of-Heroes-Trails-of-Cold-Steel-Cover.jpg"},{"title":"Trails in the Sky","releaseDate":2005,"genre":"rpg","platform":["pc","playstation","switch"],"type":"classic","cost":450,"coverLink":"https://uvejuegos.com/img/caratulas/58666/legend.jpg"},{"title":"Dragon Quest XI","releaseDate":2018,"genre":"rpg","platform":["pc","playstation","switch"],"type":"modern","cost":800,"coverLink":"https://gearnuke.com/wp-content/uploads/2020/06/dqxi-new.png"},{"title":"Resident Evil 2 Remake","releaseDate":2019,"genre":"horror","platform":["pc","playstation"],"type":"modern","cost":800,"coverLink":"https://i.3djuegos.com/juegos/12333/resident_evil_2__2015_/fotos/ficha/resident_evil_2__2015_-4765189.jpg"},{"title":"Resident Evil Revelations: Complete Edition","releaseDate":2015,"genre":"horror","platform":["pc","playstation","switch"],"type":"classic","cost":800,"coverLink":"https://uvejuegos.com/img/caratulas/50661/Captura.jpg"}]