[{"userName":"asd","userPassword":"asd","userTrueName":"Prueba","userTrueLastName":"Prueba","userEmail":"asd@asd.com"},{"userName":"Juampa87","userPassword":"juan1234","userTrueName":"Juan Pablo","userTrueLastName":"Marchi","userEmail":"juampamarchi@gmail.com"},{"userName":"Pepe_G","userPassword":"pep2020","userTrueName":"Pedro","userTrueLastName":"Gomez","userEmail":"pepe_gomez@gmail.com"},{"userName":"EddieRock","userPassword":"edupe1990","userTrueName":"Eduardo","userTrueLastName":"Perez","userEmail":"juampamarchi@gmail.com"},{"userName":"Sophie__","userPassword":"soflop1010","userTrueName":"Sofia","userTrueLastName":"Lopez","userEmail":"sophie_lop@gmail.com"}]